Niche,Name,Link,Handle,Bio,"Why Follow Them"
"BOOTSTRAPPED SAAS","Guillaume Moubeche","https://x.com/GuillaumeMbh","@GuillaumeMbh","Bootstrapped lemlist → $28M ARR in 6 years | I share zero-budget growth playbooks for SaaS","Proven $28M ARR with $0 marketing"
"BOOTSTRAPPED SAAS","Waqar Azeem","https://x.com/WaqarSaaS","@WaqarSaaS","Founder | CEO | Bootstrapped to 2M+ ARR. Tweets on Marketing, Growth, SaaS","$2M+ ARR holding-co playbook"
"BOOTSTRAPPED SAAS","Founder Kyle","https://x.com/FounderKyle","@FounderKyle","Christian founder, technical, 0-1 generalist. Sold my bootstrapped startup to DuckDuckGo","Sold to DuckDuckGo + now buys SaaS"
"BOOTSTRAPPED SAAS","Kevin Sahin","https://x.com/SahinKevin","@SahinKevin","Developer turned SaaS founder. Bootstrapped to $5m ARR (exited)","$5M ARR exit case-study"
"BOOTSTRAPPED SAAS","Paul Mit","https://x.com/pmitu","@pmitu","3х Founder → building now @FoundbaseHQ | Bootstrap, SaaS, $600k ARR, no VC, 3 exits","3× exits, $600k ARR, zero ads"
"BOOTSTRAPPED SAAS","Pieter Levels","https://x.com/levelsio","@levelsio","Only 4 out of 70+ projects made money → ship more! Nomad List, RemoteOK, PhotoAI","$3M/yr solo empire"
"BOOTSTRAPPED SAAS","Danny Postma","https://x.com/dannypostma","@dannypostma","AI headshots → $300k/mo in 30 days | 7+ live products","$300k/mo AI side-hustles"
"BOOTSTRAPPED SAAS","Marc Lou","https://x.com/marc_louvion","@marc_louvion","18+ side-projects → $20k/m + $17k/m + $16k/m MRR","$1.5M ARR Bannerbear"
"BOOTSTRAPPED SAAS","Zain Kahn","https://x.com/heykahn","@heykahn","Scaled products to 10M users | 1.5M AI newsletter readers","Growth hacks that 10× users"
"BOOTSTRAPPED SAAS","Transistor.fm","https://x.com/transistorfm","@transistorfm","Podcast hosting → $1M ARR bootstrapped","$1M ARR podcast SaaS"
"BOOTSTRAPPED SAAS","Jason Fried","https://x.com/jasonfried","@jasonfried","Started & runs 37signals (Basecamp, HEY). Anti-VC king","Basecamp calm-company bible"
"BOOTSTRAPPED SAAS","Arvid Kahl","https://x.com/arvidkahl","@arvidkahl","Building podscan.fm in public. The Bootstrapped Founder","Exit story + kindness scaling"
"BOOTSTRAPPED SAAS","Rosie Sherry","https://x.com/rosiesherry","@rosiesherry","Ex-IndieHackers CM → Rosieland community","Community-led growth secrets"
"BOOTSTRAPPED SAAS","Colleen Schnett","https://x.com/colleenschnett","@colleenschnett","SimpleFileUpload → profitable day-1","One-product focus mastery"
"BOOTSTRAPPED SAAS","Tony Dinh","https://x.com/tonydinh","@tonydinh","DevUtils → $20k/mo solo","Typing-speed dev tools"
"NO-CODE MVPs","Bram Kanstein","https://x.com/bramk","@bramk","No-Code MVP course → launch in 48h","48-hour MVP blueprint"
"NO-CODE MVPs","Ben Tossell (ex-Makerpad)","https://x.com/kpaccelli","@kpaccelli","Makerpad founder → no-code tutorials","No-code OG community"
"NO-CODE MVPs","Guri Singh","https://x.com/heygurisingh","@heygurisingh","Daily prompt + no-code stack threads","Copy-paste MVP threads"
"NO-CODE MVPs","NoCode.Tech","https://x.com/nocodetech","@nocodetech","Biggest hub of NoCode tools & teardowns","Tool pricing leaks"
"NO-CODE MVPs","Luc Meijer","https://x.com/NoCodeLuc","@NoCodeLuc","Maintains 1,600+ no-code tool database","Search “trading” → instant stack"
"NO-CODE MVPs","Fred | Notion Punk","https://x.com/notionpunk","@notionpunk","Fortune-500 exec → $100k Notion templates","Playbooks for Foundershub"
"NO-CODE MVPs","Marie (Tally)","https://x.com/tallyforms","@tallyforms","Typeform killer → $4M ARR","Free forms that convert"
"NO-CODE MVPs","Bubble","https://x.com/bubble","@bubble","Top no-code platform → AI + visual dev","Full apps without code"
"NO-CODE MVPs","Adalo","https://x.com/adalo","@adalo","Mobile no-code beast","App-store ready in days"
"NO-CODE MVPs","Webflow","https://x.com/webflow","@webflow","Visual dev god-mode","Pixel-perfect sites"
"NO-CODE MVPs","Airtable","https://x.com/airtable","@airtable","Database → app in 5 min","Omni AI app builder"
"NO-CODE MVPs","Softr","https://x.com/softr_io","@softr_io","Airtable → client portal","Portal MVPs in 1h"
"NO-CODE MVPs","Glide","https://x.com/glideapps","@glideapps","Sheets → mobile app","Google Sheets magic"
"NO-CODE MVPs","Zapier","https://x.com/zapier","@zapier","Glue for every tool","Automate 15h/week"
"NO-CODE MVPs","Parabola","https://x.com/parabola","@parabola","Data flows, zero code","ETL for indie hackers"
"AI AGENTS","Danny Postma","https://x.com/dannypostma","@dannypostma","AI headshots $300k/mo","Agent monetisation king"
"AI AGENTS","Pieter Levels","https://x.com/levelsio","@levelsio","Daily AI side-hustles","5% hit-rate wisdom"
"AI AGENTS","Behnam","https://x.com/OrganicGPT","@OrganicGPT","LLM researcher, PhD Sharif","Deep-dive agent threads"
"AI AGENTS","WORLD3","https://x.com/WORLD3_AI","@WORLD3_AI","No-code AI agents for DeFi & gaming","24/7 domain agents"
"AI AGENTS","AI Builder Club","https://x.com/aibuilderclub_","@aibuilderclub_","Top 1% AI builders community","Beyond basics workshops"
"AI AGENTS","Alex Rainey","https://x.com/RaineyAllDay","@RaineyAllDay","AI support bots → sold 4 micro-SaaS","Customer-service agents"
"AI AGENTS","Viral Shah","https://x.com/v_ax","@v_ax","Databutton → AI app builder","Code-gen UX secrets"
"AI AGENTS","Tomato","https://x.com/gpt_tomato","@gpt_tomato","GPT agent builder","Prompt-to-agent recipes"
"AI AGENTS","Sukin","https://x.com/sukin_s","@sukin_s","Enterprise AI workflows","Million-row automations"
"AI AGENTS","ChatLogic","https://x.com/ChatLogicIns","@ChatLogicIns","Underrated AI tools & edge workflows","Hidden-gem threads"
"AI AGENTS","Jeremiah Agthe","https://x.com/Serial_Builder","@Serial_Builder","Custom agents DM → intelligentiacy.com","Money-making agents"
"AI AGENTS","Tars","https://x.com/hellotars_ai","@hellotars_ai","Conversational AI","Chatbot templates"
"AI AGENTS","TokenBuilder AI","https://x.com/TokenBuilderAI","@TokenBuilderAI","AI token research terminal","Crypto-agent intel"
"AI AGENTS","Airtable Omni","https://x.com/airtable","@airtable","Ask Omni → AI app","No-code agent builder"
"AI AGENTS","Birinets","https://x.com/birinets","@birinets","DeFi AI agents","On-chain automation"
"TRADING TOOLS","Albert","https://x.com/btc_albert","@btc_albert","Bitcoin × AI lab","Crypto signal threads"
"TRADING TOOLS","Raghee Horner","https://x.com/RagheeHorner","@RagheeHorner","35+ years → 34 EMA queen","Risk + sizing masterclass"
"TRADING TOOLS","Northstar","https://x.com/Northst1836337","@Northst1836337","Multi-asset live charts","Daily setups"
"TRADING TOOLS","Peter Brandt","https://x.com/PeterLBrandt","@PeterLBrandt","45-yr chart wizard, Market Wizard book","Classical charting"
"TRADING TOOLS","zerohedge","https://x.com/zerohedge","@zerohedge","Macro firehose","Contrarian takes"
"TRADING TOOLS","The Chart Report","https://x.com/TheChartReport","@TheChartReport","Newsletter: no news, just charts","Clean TA"
"TRADING TOOLS","Mark Dow","https://x.com/mark_dow","@mark_dow","Ex-hedge fund macro","Behavioral macro"
"TRADING TOOLS","Steve Hanke","https://x.com/SteveHanke","@SteveHanke","Inflation guru","Money-supply alerts"
"TRADING TOOLS","ForexLive","https://x.com/ForexLive","@ForexLive","FX news → now @investinglive_","Pip-by-pip updates"
"TRADING TOOLS","Ransquawk","https://x.com/RANsquawk","@RANsquawk","Audio squawk","Ear-on macro"
"TRADING TOOLS","PiQ","https://x.com/PiQSuite","@PiQSuite","Meme + news aggregator","Sentiment scanner"
"TRADING TOOLS","IBD","https://x.com/IBDinvestors","@IBDinvestors","CAN SLIM scans","Growth stock lists"
"TRADING TOOLS","Bloomberg Markets","https://x.com/markets","@markets","Official charts","Institution-grade"
"TRADING TOOLS","LiveSquawk","https://x.com/LiveSquawk","@LiveSquawk","Audio alerts","Real-time squawk"
"TRADING TOOLS","TradingView","https://x.com/TradingView","@TradingView","Chart porn HQ","Scripts & ideas"
"FULL-STACK INDIE","Robin Wieruch","https://x.com/rwieruch","@rwieruch","React/Next.js + AI tutorials","Ship-tomorrow code"
"FULL-STACK INDIE","Kethmar Salumets","https://x.com/kethmar","@kethmar","$10k MRR case studies on YT","From code to cash"
"FULL-STACK INDIE","Matt Platts","https://x.com/mplatts","@mplatts","Elixir + Hotwire indie hacker","Phoenix live views"
"FULL-STACK INDIE","Aaron Lumsden","https://x.com/aaronlumsden","@aaronlumsden","Laravel AI agents","PHP + AI stack"
"FULL-STACK INDIE","Sergey Zavgorodniy","https://x.com/ZavgSergey","@ZavgSergey","22k LinkedIn dev","Backend scaling"
"FULL-STACK INDIE","Nuno Guerra","https://x.com/nunowar","@nunowar","Webflow + code hybrid","Designer-dev bridge"
"FULL-STACK INDIE","Work14","https://x.com/wprk14","@wprk14","PHP/TS full-stack","Speed-run MVPs"
"FULL-STACK INDIE","Ivan Đurđevac","https://x.com/Djuki","@Djuki","LicenseBridge founder","SaaS licensing"
"FULL-STACK INDIE","Nathan Wailes","https://x.com/NathanWailes","@NathanWailes","Perfect LSAT, geohot HS","Genius-level code"
"FULL-STACK INDIE","Eshat Jubayer","https://x.com/eshatjubayer","@eshatjubayer","Django/React + HTMX","Modern stack recipes"
"FULL-STACK INDIE","Luis","https://x.com/Zerquix18","@Zerquix18","Aspiring indie hacker","AI + full-stack"
"FULL-STACK INDIE","Seungju Cho","https://x.com/seungjucho","@seungjucho","Next.js solo","TypeScript MVPs"
"FULL-STACK INDIE","James Tayler","https://x.com/james_s_tayler","@james_s_tayler","Japanese-speaking dev","Global indie tips"
"FULL-STACK INDIE","Pete Hawkins","https://x.com/peteyhawkins","@peteyhawkins","Rails AI screencasts","Rapid Ruby"
"FULL-STACK INDIE","Mike Terry","https://x.com/mikeaterry","@mikeaterry","SubWire pop-ups + LAWFTY","Music + dev vibe"